function name,inputs,outputs
function_1,"[0.082042, 0.877542]",0.000000000
function_2,"[0.899007, 0.226820]",-0.132546723
function_3,"[0.642745, 0.696652, 0.680419]",-0.111550984
function_4,"[0.486796, 0.334651, 0.308325, 0.578683]",-4.702781619
function_5,"[0.108434, 0.752239, 0.765202, 0.979697]",877.083766000
function_6,"[0.454237, 0.217985, 0.667735, 0.878187, 0.492988]",-0.731752373
function_7,"[0.373247, 0.345301, 0.652044, 0.605595, 0.431650, 0.230947]",0.346212109
function_8,"[0.200904, 0.051150, 0.139168, 0.146455, 0.609682, 0.230239, 0.081582, 0.144428]",9.829919022
