function name,inputs,outputs
function_1,"[0.512543, 0.604643]",-1.50E-11
function_2,"[0.680654, 0.700392]",0.508564799
function_3,"[0.289627, 0.341234, 0.417575]",-0.017049536
function_4,"[0.226673, 0.374063, 0.289196, 0.376192]",-3.744235519
function_5,"[0.931043, 0.841116, 0.873403, 0.917503]",3032.034678
function_6,"[0.528557, 0.249072, 0.824398, 0.754170, 0.397411]",-0.615295168
function_7,"[0.107211, 0.450307, 0.345738, 0.278763, 0.311940, 0.694700]",2.214770856
function_8,"[0.192571, 0.072345, 0.184743, 0.223419, 0.563504, 0.318188, 0.211549, 0.299936]",9.892158802
