function name,inputs,outputs,,,,
function_1,"[0.550745, 0.529530]",1.31E-11,,,,
function_2,"[0.670441, 0.281110]",0.608499968,,,,
function_3,"[0.534074, 0.752851, 0.263499]",-0.117207326,,,,
function_4,"[0.403612, 0.344377, 0.372748, 0.708396]",-6.674093209,,,,
function_5,"[0.492789, 0.398193, 0.814784, 0.691796]",61.6475437,,,,
function_6,"[0.492649, 0.065603, 0.886042, 0.778555, 0.486817]",-1.00661699,,,,
function_7,"[0.423470, 0.565048, 0.515318, 0.820719, 0.538951, 0.489075]",0.090807706,,,,
function_8,"[0.171308, 0.307125, 0.309149, 0.367931, 0.512866, 0.554763, 0.405362, 0.547428]",9.692519623,,,,
,,,,,,
,,,,,,
,,,,,,
,,,,,,
,,,,,,
,,,,,,
,,,,,,
,,,,,,
,,,,,,
,,,,,,
,,,,,,
