function name,inputs,outputs
function_1,"[0.418345, 0.463301]",-0.006092257
function_2,"[0.734099, 0.424128]",0.463220134
function_3,"[0.260338, 0.649244, 0.671269]",-0.107222527
function_4,"[0.289071, 0.431455, 0.609086, 0.551589]",-5.82564224
function_5,"[0.316571, 0.451935, 0.746112, 0.623069]",2.417163977
function_6,"[0.601156, 0.613932, 0.811956, 0.649728, 0.295989]",-0.840493584
function_7,"[0.213189, 0.149949, 0.571531, 0.576812, 0.550167, 0.701452]",0.67915821
function_8,"[0.437221, 0.449510, 0.835059, 0.638399, 0.601697, 0.353754, 0.645988, 0.591456]",7.514131766
