function name,inputs,outputs
function_1,"[0.110589, 0.640642]",-2.29E-101
function_2,"[0.692009, 0.702205]",0.666604022
function_3,"[0.372557, 0.467272, 0.269597]",-0.097319837
function_4,"[0.256486, 0.642188, 0.284128, 0.404576]",-6.408598283
function_5,"[0.201361, 0.889742, 0.854281, 0.849413]",1040.025878
function_6,"[0.417109, 0.372341, 0.890551, 0.935796, 0.385607]",-0.770928143
function_7,"[0.080652, 0.553111, 0.353587, 0.167415, 0.381703, 0.757848]",1.30400374
function_8,"[0.171308, 0.307125, 0.300300, 0.351583, 0.512866, 0.554763, 0.405362, 0.547428]",9.70865466
