function name,inputs,outputs
function_1,"[0.050000, 0.900000]",-6.24E-256
function_2,"[0.693097, 0.674090]",0.522085981
function_3,"[0.650635, 0.753608, 0.577274]",-0.046320825
function_4,"[0.198787, 0.441121, 0.316067, 0.398349]",-3.810607766
function_5,"[0.511615, 0.482650, 0.713931, 0.853920]",146.6726029
function_6,"[0.525737, 0.255747, 0.601328, 0.766758, 0.412397]",-0.499611949
function_7,"[0.391430, 0.510154, 0.566048, 0.619173, 0.360477, 0.577589]",0.584176615
function_8,"[0.204703, 0.233625, 0.344457, 0.435851, 0.433913, 0.488340, 0.421661, 0.409886]",9.582367882
