function name,inputs,outputs
function_1,"[0.277557, 0.414027]",3.09E-15
function_2,"[0.686128, 0.589988]",0.638685742
function_3,"[0.364695, 0.462084, 0.267503]",-0.095588467
function_4,"[0.431122, 0.557684, 0.708797, 0.532331]",-8.741325493
function_5,"[0.358248, 0.848275, 0.801634, 0.852005]",722.0037696
function_6,"[0.597560, 0.365491, 0.941573, 0.908524, 0.236937]",-0.803246525
function_7,"[0.084140, 0.478639, 0.409834, 0.242104, 0.275702, 0.773991]",1.869530346
function_8,"[0.182402, 0.389342, 0.289123, 0.308454, 0.569468, 0.460325, 0.309827, 0.292124]",9.76631786
