function name,inputs,outputs
function_1,"[0.681925, 0.592562]",-0.000185319
function_2,"[0.697175, 0.814385]",0.509503451
function_3,"[0.384644, 0.347225, 0.699842]",-0.1326699
function_4,"[0.540464, 0.591984, 0.419604, 0.617950]",-7.151450989
function_5,"[0.950000, 0.856874, 0.928729, 0.948513]",4170.668432
function_6,"[0.513152, 0.394184, 0.917665, 0.938979, 0.304059]",-0.770738545
function_7,"[0.072263, 0.484510, 0.394200, 0.243359, 0.277604, 0.795889]",1.738206297
function_8,"[0.184152, 0.122262, 0.220013, 0.281931, 0.410579, 0.535377, 0.327309, 0.538379]",9.833483908
