function name,inputs,outputs
function_1,"[0.607178, 0.597616]",0.04489581
function_2,"[0.778416, 0.844386]",0.041541701
function_3,"[0.236537, 0.400529, 0.444014]",-0.012954445
function_4,"[0.338856, 0.333153, 0.336354, 0.239319]",-1.998845007
function_5,"[0.875370, 0.933712, 0.891308, 0.933383]",3619.156381
function_6,"[0.567672, 0.191438, 0.609450, 0.769307, 0.361524]",-0.558562544
function_7,"[0.105817, 0.481104, 0.355090, 0.245241, 0.339923, 0.703689]",2.014649638
function_8,"[0.180444, 0.054530, 0.252152, 0.385241, 0.394402, 0.333933, 0.385018, 0.379606]",9.694687554
