function name,inputs,outputs,,,
function_1,"[0.602716, 0.294809]",2.08E-35,,,
function_2,"[0.683009, 0.477467]",0.588898461,,,
function_3,"[0.361865, 0.453507, 0.475777]",-0.006003141,,,
function_4,"[0.405628, 0.558537, 0.302178, 0.205265]",-6.244779252,,,
function_5,"[0.201361, 0.889742, 0.854281, 0.849413]",1040.025878,,,
function_6,"[0.458836, 0.363048, 0.876081, 0.915787, 0.399828]",-0.717266154,,,
function_7,"[0.105314, 0.529838, 0.324402, 0.180736, 0.394625, 0.735336]",1.417629014,,,
function_8,"[0.155115, 0.276660, 0.261238, 0.333763, 0.410864, 0.339996, 0.453075, 0.385256]",9.658422737,,,
,,,,,
,,,,,
,,,,,
,,,,,
,,,,,
,,,,,
,,,,,
,,,,,
,,,,,
,,,,,
,,,,,
