test_name,X1,X2
function_1,0.110589,0.640642
function_2,0.692009,0.702205
function_3,0.372557,0.467272,0.269597
function_4,0.256486,0.642188,0.284128,0.404576
function_4,0.298044,0.668520,0.270047,0.294317
function_4,0.256486,0.642188,0.284128,0.404576
function_5,0.201361,0.889742,0.854281,0.849413
function_6,0.417109,0.372341,0.890551,0.935796,0.385607
function_7,0.080652,0.553111,0.353587,0.167415,0.381703,0.757848
function_8,0.171308,0.307125,0.300300,0.351583,0.512866,0.554763,0.405362,0.547428
