test_name,X1,X2
function_1,0.606921,0.597142
function_1,0.682362,0.592893
function_1,0.606921,0.597142
