test_name,X1,X2
function_1,0.606560,0.597169
function_2,0.697175,0.814385
function_3,0.532757,0.632991,0.516076
function_4,0.426985,0.375203,0.458699,0.681601
function_5,0.358248,0.848275,0.801634,0.852005
function_6,0.540877,0.343232,0.874555,0.725431,0.358963
function_7,0.072263,0.484510,0.394200,0.243359,0.277604,0.795889
function_8,0.271096,0.170170,0.231400,0.448606,0.371273,0.405209,0.312138,0.545552
function_4,0.426985,0.375203,0.458699,0.681601
