test_name,X1,X2
function_1,0.405454,0.460896
function_2,0.753111,0.419252
function_3,0.377765,0.600188,0.709545
function_4,0.302562,0.414490,0.607852,0.552216
function_5,0.329965,0.436410,0.787549,0.666233
function_6,0.608632,0.551474,0.824263,0.776343,0.388972
function_7,0.318587,0.166467,0.610546,0.588727,0.618471,0.520275
function_8,0.519990,0.603534,0.321304,0.323099,0.508552,0.801879,0.469138,0.506736
