test_name,X1,X2
function_1,0.681925,0.592562
function_2,0.697175,0.814385
function_3,0.533701,0.650344,0.189724
function_3,0.372557,0.467272,0.269597
function_3,0.384644,0.347225,0.699842
function_3,0.384644,0.347225,0.699842
function_4,0.540464,0.591984,0.419604,0.617950
function_6,0.513152,0.394184,0.917665,0.938979,0.304059
function_7,0.072263,0.484510,0.394200,0.243359,0.277604,0.795889
function_8,0.184152,0.122262,0.220013,0.281931,0.410579,0.535377,0.327309,0.538379
