test_name,X1,X2
function_2,0.686426,0.589880
function_3,0.361943,0.457460,0.244175
function_4,0.623836,0.185887,0.377078,0.489076
function_4,0.291057,0.386559,0.376607,0.190056
function_5,0.283947,0.856874,0.928729,0.948513
function_6,0.658801,0.229384,0.553974,0.732929,0.194195
function_7,0.099122,0.562687,0.301134,0.231573,0.335550,0.729932
function_8,0.147244,0.175745,0.268956,0.436148,0.343218,0.347428,0.416570,0.308690
function_1,0.945974,0.944914
function_1,0.272471,0.309247
