test_name,X1,X2
function_1,0.730830,0.515530
function_1,0.606684,0.597018
function_1,0.681925,0.592562
function_1,0.730830,0.515530
function_1,0.607178,0.597616
function_5,0.875370,0.833712,0.891308,0.933383
