test_name,X1,X2,X3,X4
function_4,0.626952,0.591918,0.448372,0.361959
function_6,0.964371,0.353690,0.689800,0.700954,0.066202
function_6,0.644624,0.427912,0.595105,0.774543,0.224270
function_6,0.964371,0.353690,0.689800,0.700954,0.066202
function_2,0.821207,0.597623
function_5,0.035811,0.628187,0.659120,0.973471
function_5,0.064822,0.620176,0.646887,0.943989
function_7,0.662775,0.548911,0.309276,0.787439,0.494681,0.287704
function_4,0.405628,0.558537,0.302178,0.205265
function_2,0.700006,0.500253
function_2,0.326832,0.484881
function_2,0.673632,0.500028
function_7,0.755441,0.465119,0.169365,0.503554,0.295335,0.381517
function_1,0.602716,0.294809
function_2,0.683009,0.477467
function_3,0.361865,0.453507,0.475777
function_4,0.094300,0.510041,0.110407,0.396704
function_4,0.405628,0.558537,0.302178,0.205265
function_5,0.201361,0.889742,0.854281,0.849413
function_6,0.458836,0.363048,0.876081,0.915787,0.399828
function_7,0.105314,0.529838,0.324402,0.180736,0.394625,0.735336
function_8,0.155115,0.276660,0.261238,0.333763,0.410864,0.339996,0.453075,0.385256
