test_name,X1,X2
function_2,0.902624,0.499694
function_2,0.673911,0.308475
function_2,0.584544,0.740071
function_2,0.584544,0.740071
function_2,0.670441,0.281110
function_3,0.626534,0.443568,0.160857
function_4,0.160432,0.286178,0.079808,0.500972
function_3,0.511644,0.555250,0.179870
function_4,0.319506,0.259538,0.167679,0.377485
function_4,0.490404,0.353303,0.533443,0.727847
function_5,0.585152,0.572325,0.803764,0.608015
function_6,0.814409,0.121513,0.574350,0.892456,0.400412
function_7,0.826710,0.522883,0.211199,0.546120,0.575766,0.451200
function_3,0.428795,0.561217,0.160724
function_3,0.428795,0.561217,0.160724
function_3,0.506696,0.526732,0.126590
function_4,0.561810,0.424634,0.084536,0.461689
function_5,0.410205,0.308272,0.509737,0.781212
function_5,0.410205,0.308272,0.509737,0.781212
function_6,0.724503,0.294579,0.655885,0.641499,0.026738
function_7,0.423470,0.565048,0.515318,0.857265,0.536094,0.489075
function_7,0.423470,0.565048,0.515318,0.857265,0.536094,0.489075
function_4,0.403612,0.344377,0.372748,0.708396
function_3,0.534074,0.752851,0.263499
function_3,0.534074,0.752851,0.263499
function_6,0.492649,0.065603,0.886042,0.778555,0.486817
function_7,0.423470,0.565048,0.515318,0.820719,0.538951,0.489075
function_5,0.492789,0.398193,0.814784,0.691796
function_8,0.171308,0.307125,0.309149,0.367931,0.512866,0.554763,0.405362,0.547428
function_8,0.171308,0.307125,0.309149,0.367931,0.512866,0.554763,0.405362,0.547428
