test_name,X1,X2
function_1,0.681721,0.592345
function_1,0.364504,0.410939
function_1,0.277557,0.414027
function_2,0.681034,0.491265
function_2,0.686128,0.589988
function_3,0.364695,0.462084,0.267503
function_4,0.431122,0.557684,0.708797,0.532331
function_5,0.358248,0.848275,0.801634,0.852005
function_6,0.597560,0.365491,0.941573,0.908524,0.236937
function_7,0.118432,0.536923,0.319376,0.168788,0.383797,0.755157
function_7,0.084140,0.478639,0.409834,0.242104,0.275702,0.773991
function_8,0.182402,0.389342,0.289123,0.308454,0.569468,0.460325,0.309827,0.292124
