test_name,X1,X2
function_1,0.083560,0.875475
function_1,0.665419,0.052724
function_3,0.635354,0.720613,0.668343
function_4,0.477592,0.351900,0.303054,0.571871
function_5,0.095129,0.755452,0.772535,0.959604
function_6,0.521108,0.221986,0.627445,0.873402,0.497232
function_8,0.251371,0.117704,0.063407,0.196744,0.743176,0.107408,0.144161,0.125027
